kind,tag,tag_b,in_sensors,departs_at_min,departs_at,direction,peak_delta,delta_sigma,final_delta,sigma,unit,predicted_order,observed_order,agrees,lag_min,correlation,carried_by
departure,CH-CHWR-FLOW,,yes,,,,0.0,0.0,0.0,0.36672,l/s,,,,,,
departure,CH-CHWR-PRESS,,yes,,,,0.0,0.0,0.0,0.10181,,,,,,,
departure,CH-CHWRT,,yes,,,,0.001,0.04,0.0,0.02766,degC,,,,,,
departure,CH-CHWS-PRESS,,yes,,,,0.0,0.0,0.0,0.07194,,,,,,,
departure,CH-CHWST,,yes,1387,2025-01-18T23:07:00.000000+0000,rise,0.12,3.23,-0.002,0.03712,degC,,13,,,,"T_chw,out = (1 - eps) T_chw,in + eps T_e"
departure,CH-CON-APP-TEMP,,yes,,,,-0.005,0.04,0.0,0.13323,,,,,,,"1/UA_eff = 1/UA + R_f  ->  approach = (1 - eps) (T_c - T_cw,in); the site logs water minus refrigerant, so it falls"
departure,CH-CON-E-TEMP,,yes,,,,0.001,0.01,0.0,0.09009,degC,,,,,,"entering water: a boundary, moves only with the site day"
departure,CH-CON-L-TEMP,,yes,,,,0.148,1.54,0.002,0.09587,degC,,,,,,"as CH-CWRT, barrel RTD"
departure,CH-CON-RFT-TEMP,,yes,,,,0.153,1.61,0.002,0.09521,degC,,,,,,"Q_c = eps C_w (T_c - T_cw,in): less conductance, higher T_c for the same heat"
departure,CH-CWR-PRESS,,yes,,,,0.0,0.0,0.0,0.69793,,,,,,,
departure,CH-CWRT,,yes,,,,0.148,1.13,0.002,0.13093,degC,,,,,,"T_cw,out = (1 - eps) T_cw,in + eps T_c"
departure,CH-CWS-FLOW,,yes,,,,0.0,0.0,0.0,3.44873,l/s,,,,,,
departure,CH-CWS-PRESS,,yes,,,,0.0,0.0,0.0,0.5177,,,,,,,
departure,CH-CWST,,yes,,,,0.001,0.02,0.0,0.04157,degC,,,,,,
departure,CH-EVA-APP-TEMP,,yes,2,2025-01-18T00:02:00.000000+0000,rise,0.251,8.2,0.237,0.03062,,2,2,yes,,,1/UA_eff = 1/UA + R_f on the evaporator bundle
departure,CH-EVA-E-TEMP,,yes,,,,-0.001,0.04,0.0,0.02852,degC,,,,,,entering water: a boundary
departure,CH-EVA-L-TEMP,,yes,1385,2025-01-18T23:05:00.000000+0000,rise,0.12,4.2,-0.001,0.0286,degC,,12,,,,"as CH-CHWST, barrel RTD"
departure,CH-EVA-RFT-PRES,,yes,2,2025-01-18T00:02:00.000000+0000,fall,-1.108,12.33,-0.812,0.08984,kPa,3,2,yes,,,P_e = P_sat(T_e)
departure,CH-EVA-RFT-TEMP,,yes,2,2025-01-18T00:02:00.000000+0000,fall,-0.325,12.87,-0.238,0.02525,degC,2,2,yes,,,"Q_e = eps C_w (T_chw,in - T_e): less conductance, lower T_e"
departure,CH-HB,,yes,,,,-1.879,0.46,0.104,4.10112,,,,,,,(IN - OUT) / OUT
departure,CH-HEAT-IN,,yes,,,,50.44,2.79,4.119,18.05594,,,,,,,Q_e + P_elec
departure,CH-HEAT-OUT,,yes,,,,95.225,0.9,1.282,105.77495,,,,,,,Q_c
departure,CH-IGV1-POS,,yes,1092,2025-01-18T18:12:00.000000+0000,rise,11.94,7.08,0.0,1.68719,%,,11,,,,capacity controller: vanes answer demand below the hand-over
departure,CH-KW_A,,yes,,,,0.0,,0.0,0.0,kW,,,,,,"P_shaft = m dh_poly / (eta_p eta_mech): more lift, more work per kilogram"
departure,CH-KW/RTON,,yes,8,2025-01-18T00:08:00.000000+0000,rise,0.011,3.52,0.005,0.00313,,4,6,yes,,,kW per RT = P_elec / (Q_e / 3.517)
departure,CH-L1-A,,yes,9,2025-01-18T00:09:00.000000+0000,rise,18.414,7.18,5.767,2.56331,,,7,,,,I = P_elec / (sqrt3 V pf)
departure,CH-L2-A,,yes,9,2025-01-18T00:09:00.000000+0000,rise,18.71,7.1,5.86,2.6349,,,7,,,,I = P_elec / (sqrt3 V pf)
departure,CH-L3-A,,yes,9,2025-01-18T00:09:00.000000+0000,rise,18.901,7.19,5.92,2.62965,,,7,,,,I = P_elec / (sqrt3 V pf)
departure,CH-OIL-DIS-PRES,,yes,,,,-1.108,0.92,-0.812,1.20054,kPa,,,,,,sump pressure + oil pump head
departure,CH-OIL-DIS-TEMP,,yes,,,,0.001,0.02,0.0,0.06072,,,,,,,follows condenser water supply (site relation)
departure,CH-OIL-TK-PRES,,yes,3,2025-01-18T00:03:00.000000+0000,fall,-1.107,7.89,-0.813,0.14029,kPa,,5,,,,oil sump at evaporator pressure
departure,CH-RLA,,yes,9,2025-01-18T00:09:00.000000+0000,rise,1.52,7.53,0.476,0.20173,,,7,,,,I = P_elec / (sqrt3 V pf)
departure,CHWP-KW_A,,yes,,,,0.0,0.0,0.0,0.20617,,,,,,,
departure,CHWP-VSD-FB,,yes,,,,0.0,0.0,0.0,0.1549,,,,,,,
departure,CHWP-KW/RTON,,yes,,,,0.001,1.34,0.0,0.00074,,,,,,,
departure,CWP-KW_A,,yes,,,,0.0,0.0,0.0,1.59575,,,,,,,
departure,CWP-VSD-FB,,yes,,,,0.0,0.0,0.0,1.18205,,,,,,,
departure,TOT-CH-CDW-KW,,yes,,,,95.225,0.28,1.282,340.4331,,,,,,,
departure,TOT-CH-CDW-RTON,,yes,,,,27.075,0.28,0.364,96.81327,,,,,,,
departure,TOT-CH-CHW-KW,,yes,,,,-45.864,0.37,0.756,125.22317,,,,,,,
departure,TOT-CH-CHW-RTON,,yes,,,,-13.04,0.37,0.214,35.6051,,,,,,,
departure,TOT-CH-HB,,yes,,,,-0.225,0.13,0.014,1.72201,,,,,,,
departure,TOT-CH-HEAT-IN,,yes,,,,50.44,0.4,4.119,125.11883,,,,,,,
departure,TOT-CH-HEAT-OUT,,yes,,,,95.225,0.28,1.282,340.69039,,,,,,,
departure,TOT-CH-KW/RTON,,yes,,,,0.002,0.58,0.0,0.00344,,,,,,,
departure,TOT-CHWP-KW/RTON,,yes,,,,-0.001,1.37,0.0,0.00073,,,,,,,
departure,TOT-CT-KW/RTON,,yes,,,,-0.001,1.38,0.0,0.00072,,,,,,,
departure,TOT-CWP-KW/RTON,,yes,,,,-0.001,0.82,0.0,0.00121,,,,,,,
departure,TOT-DPM-CDWP-KW,,yes,,,,0.0,0.0,0.0,5.40952,,,,,,,
departure,TOT-DPM-CH-KW,,yes,,,,10.749,1.13,3.363,9.49474,,,,,,,
departure,TOT-DPM-CHWP-KW,,yes,,,,0.0,0.0,0.0,0.38972,,,,,,,
departure,TOT-DPM-SYS-KW,,yes,,,,10.749,0.95,3.363,11.34373,,,,,,,
departure,TOT-HDR-CDW-KW,,yes,,,,95.225,0.12,1.282,804.58771,,,,,,,
departure,TOT-HDR-CDW-RTON,,yes,,,,27.076,0.12,0.364,228.77102,,,,,,,
departure,TOT-HDR-CHW-KW,,yes,,,,-45.864,0.41,0.756,111.60285,,,,,,,
departure,TOT-HDR-CHW-RTON,,yes,,,,-13.041,0.41,0.215,31.7324,,,,,,,
departure,TOT-HDR-HB,,yes,,,,-0.243,0.06,0.014,3.91809,,,,,,,
departure,TOT-HDR-HEAT-IN,,yes,,,,50.44,0.45,4.119,110.94561,,,,,,,
departure,TOT-HDR-HEAT-OUT,,yes,,,,95.225,0.12,1.282,807.46025,,,,,,,
departure,TOT-SYS-KW/RTON,,yes,,,,0.002,0.47,0.001,0.00426,,,,,,,
departure,CH-CHW-RTON,,yes,,,,-13.041,2.57,0.215,5.07022,,,,,,,Q_e / 3.517
departure,CH-V-A,,yes,,,,0.0,0.0,0.0,0.00592,acceleration,,,,,,
departure,CH-H-A,,yes,,,,0.0,0.0,0.0,0.00568,acceleration,,,,,,
departure,CH-CON-RFT-PRES,,yes,,,,0.853,1.05,0.009,0.81241,kPa,,,,,,P_c = P_sat(T_c): pressure follows temperature along the saturation line
departure,CDWP-KW/RTON,,yes,,,,0.001,0.4,0.0,0.00253,,,,,,,
departure,CH-AB-V,,yes,,,,0.0,0.0,0.0,0.60455,,,,,,,
departure,CH-BC-V,,yes,,,,0.0,0.0,0.0,0.6094,,,,,,,
departure,CH-CA-V,,yes,,,,0.0,0.0,0.0,0.58703,,,,,,,
departure,CH-CDW-KW,,yes,,,,95.225,0.9,1.282,105.77495,,,,,,,Q_c = Q_e + W
departure,CH-CDW-RTON,,yes,,,,27.075,0.9,0.364,30.07534,,,,,,,Q_c / 3.517
departure,CH-CHW-KW,,yes,,,,-45.864,2.57,0.756,17.82889,,4,,,,,Q_e = 4.19 q (T_in - T_out): capacity the machine can still deliver
departure,evap_UA_W_K,,no,1,2025-01-18T00:01:00.000000+0000,fall,-233408.61947,,-226576.74687,,truth,1,1,yes,,,1/UA_eff = 1/UA + R_f
correlation,CH-EVA-RFT-PRES,CH-EVA-RFT-TEMP,,,,,,,,,,,,,0,1.0,simultaneous at this resolution
correlation,CH-EVA-RFT-PRES,CH-CHWST,,,,,,,,,,,,,1,0.504,CH-EVA-RFT-PRES leads CH-CHWST by 1 min
correlation,CH-EVA-RFT-PRES,CH-EVA-APP-TEMP,,,,,,,,,,,,,0,-0.726,simultaneous at this resolution
correlation,CH-EVA-RFT-PRES,CH-KW/RTON,,,,,,,,,,,,,0,-0.598,simultaneous at this resolution
correlation,CH-EVA-RFT-TEMP,CH-CHWST,,,,,,,,,,,,,1,0.504,CH-EVA-RFT-TEMP leads CH-CHWST by 1 min
correlation,CH-EVA-RFT-TEMP,CH-EVA-APP-TEMP,,,,,,,,,,,,,0,-0.73,simultaneous at this resolution
correlation,CH-EVA-RFT-TEMP,CH-KW/RTON,,,,,,,,,,,,,0,-0.599,simultaneous at this resolution
correlation,CH-CHWST,CH-EVA-APP-TEMP,,,,,,,,,,,,,0,0.435,simultaneous at this resolution
correlation,CH-CHWST,CH-KW/RTON,,,,,,,,,,,,,-1,-0.297,CH-KW/RTON leads CH-CHWST by 1 min
correlation,CH-EVA-APP-TEMP,CH-KW/RTON,,,,,,,,,,,,,1,0.393,CH-EVA-APP-TEMP leads CH-KW/RTON by 1 min
